Date,Open,High,Low,Close,Adj Close,Volume
2022-01-24,75698.562500,79170.195313,74682.468750,78746.828125,78746.828125,3221886
2022-01-25,78323.453125,81287.046875,75359.867188,81117.695313,81117.695313,2830030
2022-01-26,81117.695313,81117.695313,78408.125000,80016.937500,80016.937500,3108982
2022-01-27,78746.828125,80016.937500,76545.296875,77053.343750,77053.343750,2046554
2022-01-28,77053.343750,77900.085938,75359.867188,75359.867188,75359.867188,2528166
2022-01-31,null,null,null,null,null,null
2022-02-01,null,null,null,null,null,null
2022-02-02,null,null,null,null,null,null
2022-02-03,null,null,null,null,null,null
2022-02-04,null,null,null,null,null,null
2022-02-07,76714.648438,78662.148438,75783.234375,78238.781250,78238.781250,2037933
2022-02-08,78238.781250,78238.781250,76291.281250,77900.085938,77900.085938,1447197
2022-02-09,77222.695313,77815.414063,76460.625000,76884.000000,76884.000000,1904126
2022-02-10,77138.015625,79085.523438,77053.343750,77307.367188,77307.367188,2157923
2022-02-11,77307.367188,77561.390625,76206.601563,76206.601563,76206.601563,20381816
2022-02-14,74597.796875,75190.515625,72819.640625,72819.640625,72819.640625,4380491
2022-02-15,72819.640625,74767.148438,70956.812500,73666.382813,73666.382813,2897583
2022-02-16,74089.757813,74428.453125,73158.343750,73666.382813,73666.382813,1612065
2022-02-17,73666.382813,74259.101563,73497.039063,74089.757813,74089.757813,1761107
2022-02-18,73158.343750,74089.757813,73158.343750,73835.734375,73835.734375,1259182
2022-02-21,73327.687500,74174.429688,73327.687500,74005.078125,74005.078125,1295438
2022-02-22,73666.382813,73666.382813,71972.906250,73497.039063,73497.039063,1889836
2022-02-23,73666.382813,73666.382813,72650.296875,73581.710938,73581.710938,1164820
2022-02-24,73412.359375,73497.039063,71972.906250,72226.929688,72226.929688,2548243
2022-02-25,72226.929688,72734.968750,71972.906250,72057.578125,72057.578125,1979946
2022-02-28,72057.578125,72057.578125,71464.859375,71549.531250,71549.531250,1561400
2022-03-01,71549.531250,72311.601563,71210.835938,71972.906250,71972.906250,1623166
2022-03-02,72480.945313,72480.945313,71295.515625,71972.906250,71972.906250,2026123
2022-03-03,71972.906250,72396.273438,71718.882813,72396.273438,72396.273438,1242648
2022-03-04,72142.250000,72396.273438,71803.554688,71888.226563,71888.226563,1342915
2022-03-07,71380.187500,71888.226563,71041.492188,71888.226563,71888.226563,2105486
2022-03-08,70956.812500,71549.531250,69009.312500,69009.312500,69009.312500,3503200
2022-03-09,69263.335938,70364.101563,69178.664063,70279.421875,70279.421875,1658242
2022-03-10,70279.421875,70872.140625,70194.750000,70702.796875,70702.796875,1398422
2022-03-11,70872.140625,71041.492188,70279.421875,70956.812500,70956.812500,1069513
2022-03-14,70533.445313,71295.515625,70448.773438,71295.515625,71295.515625,1787089
2022-03-15,71126.164063,71210.835938,68585.945313,68670.617188,68670.617188,2846210
2022-03-16,68839.968750,70448.773438,68839.968750,69856.054688,69856.054688,1217138
2022-03-17,70279.421875,70702.796875,70025.398438,70279.421875,70279.421875,1536953
2022-03-18,70364.101563,72142.250000,70194.750000,71295.515625,71295.515625,1696624
2022-03-21,71295.515625,72396.273438,71126.164063,71888.226563,71888.226563,1138365
2022-03-22,71888.226563,72396.273438,71888.226563,71888.226563,71888.226563,1216548
2022-03-23,71888.226563,72480.945313,71888.226563,71888.226563,71888.226563,1205328
2022-03-24,71888.226563,71888.226563,70702.796875,70702.796875,70702.796875,708836
2022-03-25,71126.164063,71126.164063,69432.687500,69856.054688,69856.054688,1408696
2022-03-28,70279.421875,70279.421875,69432.687500,69771.382813,69771.382813,920471
2022-03-29,69771.382813,70279.421875,69093.984375,69348.007813,69348.007813,1238396
2022-03-30,69263.335938,70702.796875,69009.312500,69432.687500,69432.687500,1144270
2022-03-31,69432.687500,69940.726563,69432.687500,69517.359375,69517.359375,581524
2022-04-01,69517.359375,70787.468750,68670.617188,70110.078125,70110.078125,1162458
2022-04-04,70448.773438,71210.835938,69940.726563,69940.726563,69940.726563,935352
2022-04-05,70110.078125,70448.773438,69940.726563,70279.421875,70279.421875,621324
2022-04-06,70194.750000,71972.906250,69178.664063,71634.210938,71634.210938,2402862
2022-04-07,71888.226563,72142.250000,70279.421875,70279.421875,70279.421875,1160923
2022-04-08,71041.492188,71041.492188,70194.750000,70279.421875,70279.421875,959208
2022-04-11,null,null,null,null,null,null
2022-04-12,70279.421875,70448.773438,69093.984375,69771.382813,69771.382813,1040815
2022-04-13,70279.421875,70364.101563,69432.687500,69771.382813,69771.382813,1069631
2022-04-14,69771.382813,70194.750000,68585.945313,68585.945313,68585.945313,1388147
2022-04-15,68755.289063,69009.312500,67908.554688,67908.554688,67908.554688,1103998
2022-04-18,67739.203125,67908.554688,65707.031250,65791.703125,65791.703125,1526088
2022-04-19,65876.375000,66469.093750,65707.031250,65791.703125,65791.703125,1236979
2022-04-20,66045.726563,66807.789063,65791.703125,66384.421875,66384.421875,1068332
2022-04-21,66384.421875,67061.812500,66215.070313,66384.421875,66384.421875,2684649
2022-04-22,66977.140625,69940.726563,66977.140625,69602.031250,69602.031250,5693128
2022-04-25,69602.031250,70279.421875,65198.984375,69263.335938,69263.335938,3400217
2022-04-26,66892.460938,68162.570313,66892.460938,68162.570313,68162.570313,2960767
2022-04-27,67654.531250,69432.687500,66215.070313,69009.312500,69009.312500,2757044
2022-04-28,69009.312500,69093.984375,67315.835938,69009.312500,69009.312500,666202
2022-04-29,68924.640625,69686.703125,67739.203125,68501.273438,68501.273438,34076810
2022-05-02,null,null,null,null,null,null
2022-05-03,null,null,null,null,null,null
2022-05-04,68501.273438,68585.945313,66892.460938,67654.531250,67654.531250,1106124
2022-05-05,68162.570313,69009.312500,67400.507813,68585.945313,68585.945313,1203793
2022-05-06,67485.179688,68755.289063,67231.156250,67231.156250,67231.156250,1571792
2022-05-09,66723.117188,68077.898438,65876.375000,65961.046875,65961.046875,2024234
2022-05-10,65283.656250,67739.203125,65283.656250,67739.203125,67739.203125,1093606
2022-05-11,67739.203125,67993.226563,66892.460938,67739.203125,67739.203125,1212060
2022-05-12,66892.460938,67654.531250,65198.984375,65198.984375,65198.984375,1200250
2022-05-13,65198.984375,66045.726563,61812.023438,61812.023438,61812.023438,2342707
2022-05-16,63928.875000,64690.941406,62658.765625,62828.113281,62828.113281,1840942
2022-05-17,62828.113281,65198.984375,61896.699219,64352.242188,64352.242188,2770980
2022-05-18,65198.984375,65198.984375,63505.503906,63844.199219,63844.199219,1105416
2022-05-19,63505.503906,64944.960938,63336.156250,64352.242188,64352.242188,680019
2022-05-20,63590.179688,64775.613281,63505.503906,63759.527344,63759.527344,877246
2022-05-23,64013.546875,64013.546875,62320.066406,62997.460938,62997.460938,810874
2022-05-24,63420.828125,64098.222656,62912.785156,64013.546875,64013.546875,1061364
2022-05-25,64352.242188,65198.984375,63336.156250,65198.984375,65198.984375,1060538
2022-05-26,65198.984375,65283.656250,64352.242188,64944.960938,64944.960938,1221035
2022-05-27,64944.960938,65537.679688,64606.265625,65537.679688,65537.679688,1053452
2022-05-30,65537.679688,68585.945313,64690.941406,66045.726563,66045.726563,1663320
2022-05-31,66807.789063,66807.789063,66045.726563,66807.789063,66807.789063,1403854
2022-06-01,66892.460938,68162.570313,66892.460938,68162.570313,68162.570313,943382
2022-06-02,68416.593750,68416.593750,66892.460938,66892.460938,66892.460938,876872
2022-06-03,66384.421875,67315.835938,64690.941406,65622.351563,65622.351563,688286
2022-06-06,65622.351563,67739.203125,63590.179688,67485.179688,67485.179688,1039870
2022-06-07,66892.460938,69432.687500,66130.398438,68585.945313,68585.945313,1197534
2022-06-08,68585.945313,68585.945313,66723.117188,67061.812500,67061.812500,1440465
2022-06-09,66892.460938,67654.531250,65791.703125,65876.375000,65876.375000,1260717
2022-06-10,65876.375000,66892.460938,65537.679688,65791.703125,65791.703125,461652
2022-06-13,65198.984375,65198.984375,62743.437500,64690.941406,64690.941406,1441764
2022-06-14,63928.875000,66130.398438,62658.765625,65198.984375,65198.984375,1283983
2022-06-15,65537.679688,66299.742188,63759.527344,64775.613281,64775.613281,1468691
2022-06-16,64944.960938,67739.203125,64775.613281,66977.140625,66977.140625,1564352
2022-06-17,65198.984375,66299.742188,64436.917969,64436.917969,64436.917969,1265559
2022-06-20,67315.835938,67315.835938,63759.527344,64352.242188,64352.242188,1286935
2022-06-21,64352.242188,65791.703125,63674.851563,65791.703125,65791.703125,1153955
2022-06-22,65961.046875,66045.726563,63505.503906,64352.242188,64352.242188,2557101
2022-06-23,63590.179688,64944.960938,63420.828125,64267.570313,64267.570313,697026
2022-06-24,64521.593750,64606.265625,63166.808594,63505.503906,63505.503906,813236
2022-06-27,63928.875000,64352.242188,63336.156250,63420.828125,63420.828125,1131988
2022-06-28,63505.503906,65198.984375,63336.156250,64606.265625,64606.265625,1294139
2022-06-29,64182.894531,64267.570313,63759.527344,63928.875000,63928.875000,1638637
2022-06-30,63928.875000,64352.242188,63336.156250,63336.156250,63336.156250,938266
2022-07-01,63082.132813,63505.503906,61727.351563,62658.765625,62658.765625,1633323
2022-07-04,63420.828125,63674.851563,62574.089844,62743.437500,62743.437500,928502
2022-07-05,63420.828125,63420.828125,62320.066406,62658.765625,62658.765625,1257174
2022-07-06,62404.742188,62574.089844,58340.390625,61642.675781,61642.675781,1941800
2022-07-07,61558.000000,63928.875000,60711.261719,63928.875000,63928.875000,1520419
2022-07-08,63420.828125,63505.503906,62574.089844,62658.765625,62658.765625,898741
2022-07-11,62066.046875,62235.394531,60965.285156,60965.285156,60965.285156,893780
2022-07-12,61049.957031,61473.328125,60711.261719,60880.609375,60880.609375,992630
2022-07-13,60795.937500,62150.718750,60457.238281,60795.937500,60795.937500,1629661
2022-07-14,60795.937500,61642.675781,60626.585938,61303.980469,61303.980469,518931
2022-07-15,61049.957031,62235.394531,61049.957031,61219.304688,61219.304688,739896
2022-07-18,61388.652344,61727.351563,60965.285156,60965.285156,60965.285156,462243
2022-07-19,60965.285156,61049.957031,60203.218750,60372.566406,60372.566406,1089000
2022-07-20,60626.585938,61388.652344,60626.585938,61388.652344,61388.652344,677775
2022-07-21,61388.652344,61727.351563,61049.957031,61388.652344,61388.652344,1375392
2022-07-22,61049.957031,61558.000000,60965.285156,61388.652344,61388.652344,1322247
2022-07-25,61303.980469,61981.371094,60965.285156,61727.351563,61727.351563,1171197
2022-07-26,61981.371094,62997.460938,61981.371094,62574.089844,62574.089844,1322483
2022-07-27,62658.765625,63505.503906,62404.742188,63505.503906,63505.503906,1617851
2022-07-28,63844.199219,64013.546875,63336.156250,63759.527344,63759.527344,1409877
2022-07-29,63844.199219,63928.875000,63251.480469,63251.480469,63251.480469,2951319
2022-08-01,63251.480469,65198.984375,62997.460938,65198.984375,65198.984375,1965538
2022-08-02,65198.984375,67061.812500,64352.242188,66807.789063,66807.789063,2099581
2022-08-03,66299.742188,67315.835938,66045.726563,67315.835938,67315.835938,2193943
2022-08-04,67315.835938,69856.054688,67231.156250,69856.054688,69856.054688,2773106
2022-08-05,69432.687500,69771.382813,68670.617188,69432.687500,69432.687500,1648439
2022-08-08,69432.687500,69856.054688,69348.007813,69432.687500,69432.687500,1142027
2022-08-09,69432.687500,69432.687500,67654.531250,68416.593750,68416.593750,1541086
2022-08-10,67823.875000,68585.945313,67823.875000,68162.570313,68162.570313,646597
2022-08-11,68839.968750,69432.687500,68247.250000,69009.312500,69009.312500,1444953
2022-08-12,69009.312500,69348.007813,68501.273438,69093.984375,69093.984375,1651982
2022-08-15,69432.687500,69686.703125,69178.664063,69263.335938,69263.335938,1558329
2022-08-16,69432.687500,69432.687500,68670.617188,69009.312500,69009.312500,1200722
2022-08-17,68755.289063,69178.664063,68755.289063,69009.312500,69009.312500,1005031
2022-08-18,68839.968750,69432.687500,68755.289063,69009.312500,69009.312500,2023761
2022-08-19,68247.250000,69432.687500,68247.250000,68501.273438,68501.273438,1417200
2022-08-22,67823.875000,69009.312500,67739.203125,67739.203125,67739.203125,729621
2022-08-23,67739.203125,68839.968750,67654.531250,67908.554688,67908.554688,960153
2022-08-24,68755.289063,70194.750000,67993.226563,69432.687500,69432.687500,1341261
2022-08-25,69602.031250,69602.031250,68839.968750,69432.687500,69432.687500,744974
2022-08-26,69432.687500,70872.140625,69432.687500,69856.054688,69856.054688,1883104
2022-08-29,68924.640625,69856.054688,68501.273438,69856.054688,69856.054688,1255993
2022-08-30,69856.054688,72819.640625,69856.054688,72819.640625,72819.640625,3026666
2022-08-31,72819.640625,73243.015625,71126.164063,71126.164063,71126.164063,1332049
2022-09-01,null,null,null,null,null,null
2022-09-02,null,null,null,null,null,null
2022-09-05,71126.164063,71380.187500,69856.054688,69940.726563,69940.726563,1869286
2022-09-06,69940.726563,71126.164063,69517.359375,70025.398438,70025.398438,1213241
2022-09-07,69432.687500,69856.054688,67569.859375,67739.203125,67739.203125,2793419
2022-09-08,68501.273438,68501.273438,66045.726563,66045.726563,66045.726563,1682098
2022-09-09,66469.093750,67146.484375,66215.070313,66723.117188,66723.117188,3194179
2022-09-12,67400.507813,67485.179688,66723.117188,66977.140625,66977.140625,1211469
2022-09-13,67231.156250,67231.156250,66553.765625,66553.765625,66553.765625,2544936
2022-09-14,65368.332031,67315.835938,65198.984375,66299.742188,66299.742188,1282329
2022-09-15,66469.093750,67146.484375,66130.398438,67061.812500,67061.812500,949760
2022-09-16,67146.484375,67739.203125,66469.093750,67739.203125,67739.203125,1794175
2022-09-19,66892.460938,67908.554688,66045.726563,66723.117188,66723.117188,1217020
2022-09-20,66723.117188,67739.203125,66553.765625,67061.812500,67061.812500,615537
2022-09-21,67146.484375,67400.507813,65961.046875,66807.789063,66807.789063,1794175
2022-09-22,65791.703125,66553.765625,65622.351563,66045.726563,66045.726563,1482155
2022-09-23,65368.332031,65791.703125,64182.894531,64267.570313,64267.570313,1244892
2022-09-26,63590.179688,65198.984375,62743.437500,63505.503906,63505.503906,2048916
2022-09-27,64352.242188,64352.242188,62828.113281,62912.785156,62912.785156,795285
2022-09-28,62658.765625,63505.503906,62489.414063,63505.503906,63505.503906,779105
2022-09-29,64352.242188,64352.242188,62658.765625,62658.765625,62658.765625,694191
2022-09-30,61981.371094,62912.785156,61303.980469,61981.371094,61981.371094,2097928
2022-10-03,62235.394531,62489.414063,59525.824219,59779.847656,59779.847656,1086401
2022-10-04,59271.804688,60880.609375,58848.433594,60372.566406,60372.566406,1512742
2022-10-05,60457.238281,60965.285156,60203.218750,60541.914063,60541.914063,1097149
2022-10-06,60965.285156,60965.285156,59187.128906,59356.476563,59356.476563,1022273
2022-10-07,58933.109375,58933.109375,55292.125000,56477.562500,56477.562500,2602569
2022-10-10,56308.214844,57324.300781,54276.039063,55122.777344,55122.777344,1613246
2022-10-11,55292.125000,55884.843750,52497.882813,52497.882813,52497.882813,1808937
2022-10-12,53344.625000,55292.125000,52667.230469,54191.363281,54191.363281,1873538
2022-10-13,54276.039063,56308.214844,53090.601563,56308.214844,56308.214844,1968490
2022-10-14,58001.695313,58001.695313,56985.605469,57662.996094,57662.996094,2171032
2022-10-17,56985.605469,57578.324219,55461.472656,56138.867188,56138.867188,1536953
2022-10-18,57578.324219,57578.324219,56985.605469,57324.300781,57324.300781,1068805
2022-10-19,57493.648438,57578.324219,56985.605469,57493.648438,57493.648438,822448
2022-10-20,57493.648438,59271.804688,56816.257813,58594.410156,58594.410156,1862770
2022-10-21,58594.410156,59864.523438,57578.324219,57578.324219,57578.324219,1718000
2022-10-24,58848.433594,58848.433594,55715.496094,57578.324219,57578.324219,1032312
2022-10-25,55884.843750,59779.847656,55884.843750,59187.128906,59187.128906,2000850
2022-10-26,59779.847656,59779.847656,58001.695313,59271.804688,59271.804688,769303
2022-10-27,59695.171875,61727.351563,58679.085938,60711.261719,60711.261719,1532701
2022-10-28,61388.652344,63082.132813,60626.585938,60626.585938,60626.585938,1843541
2022-10-31,62235.394531,62235.394531,61388.652344,62235.394531,62235.394531,778751
2022-11-01,62658.765625,63505.503906,62066.046875,63505.503906,63505.503906,975624
2022-11-02,62658.765625,63082.132813,60965.285156,62320.066406,62320.066406,1482273
2022-11-03,60965.285156,62150.718750,60965.285156,61812.023438,61812.023438,891182
2022-11-04,60541.914063,61388.652344,58340.390625,60795.937500,60795.937500,1863618
2022-11-07,60795.937500,61812.023438,60203.218750,60795.937500,60795.937500,2078560
2022-11-08,60965.285156,63505.503906,60626.585938,61473.328125,61473.328125,2667760
2022-11-09,62235.394531,62828.113281,61473.328125,62658.765625,62658.765625,1434678
2022-11-10,62574.089844,62574.089844,60626.585938,61642.675781,61642.675781,1792167
2022-11-11,61812.023438,63928.875000,61812.023438,63928.875000,63928.875000,2281219
2022-11-14,63928.875000,64775.613281,62743.437500,63590.179688,63590.179688,2168906
2022-11-15,62997.460938,64690.941406,61049.957031,63505.503906,63505.503906,2364125
2022-11-16,59525.824219,66045.726563,59525.824219,63590.179688,63590.179688,3920683
2022-11-17,64436.917969,64860.289063,63928.875000,64775.613281,64775.613281,2179771
2022-11-18,64267.570313,65114.308594,62320.066406,64775.613281,64775.613281,1848028
2022-11-21,64775.613281,64775.613281,63505.503906,63505.503906,63505.503906,1446606
2022-11-22,63082.132813,64352.242188,61388.652344,62235.394531,62235.394531,2286416
2022-11-23,61812.023438,62235.394531,61303.980469,62235.394531,62235.394531,2093913
2022-11-24,62235.394531,62658.765625,61388.652344,61812.023438,61812.023438,1340435
2022-11-25,61896.699219,62320.066406,61642.675781,61896.699219,61896.699219,2214493
2022-11-28,63082.132813,65198.984375,62489.414063,64944.960938,64944.960938,2783498
2022-11-29,64352.242188,67569.859375,64352.242188,67569.859375,67569.859375,2016439
2022-11-30,67993.226563,68585.945313,65198.984375,68585.945313,68585.945313,1722606
2022-12-01,68501.273438,68924.640625,67061.812500,67739.203125,67739.203125,1392280
2022-12-02,67654.531250,71972.906250,67146.484375,71972.906250,71972.906250,1626591
2022-12-05,71210.835938,73666.382813,69856.054688,71972.906250,71972.906250,1965184
2022-12-06,71972.906250,72142.250000,67739.203125,67739.203125,67739.203125,1627418
2022-12-07,67739.203125,69432.687500,66045.726563,66469.093750,66469.093750,1877553
2022-12-08,66892.460938,68585.945313,65198.984375,65198.984375,65198.984375,2928525
2022-12-09,66384.421875,67061.812500,65283.656250,65453.007813,65453.007813,2066868
2022-12-12,66723.117188,68162.570313,65537.679688,65537.679688,65537.679688,2841131
2022-12-13,66130.398438,67146.484375,65961.046875,66215.070313,66215.070313,2636582
2022-12-14,67485.179688,67485.179688,66469.093750,66723.117188,66723.117188,1471880
2022-12-15,66723.117188,68331.921875,66553.765625,67315.835938,67315.835938,1476722
2022-12-16,67315.835938,70194.750000,66807.789063,67485.179688,67485.179688,4028036
2022-12-19,67739.203125,68585.945313,66892.460938,67061.812500,67061.812500,894607
2022-12-20,67485.179688,69432.687500,66892.460938,66892.460938,66892.460938,1842832
2022-12-21,68924.640625,68924.640625,66638.445313,66638.445313,66638.445313,1136122
2022-12-22,67315.835938,68670.617188,67146.484375,67146.484375,67146.484375,1299454
2022-12-23,67908.554688,68755.289063,66977.140625,66977.140625,66977.140625,1635921
2022-12-26,67061.812500,68416.593750,66807.789063,66807.789063,66807.789063,1421451
2022-12-27,67908.554688,68162.570313,66807.789063,66977.140625,66977.140625,1410114
2022-12-28,68077.898438,69432.687500,67315.835938,67739.203125,67739.203125,1385903
2022-12-29,69686.703125,69856.054688,68162.570313,68331.921875,68331.921875,1621985
2022-12-30,70194.750000,70364.101563,67739.203125,67739.203125,67739.203125,1784372
2023-01-02,null,null,null,null,null,null
2023-01-03,67908.554688,69940.726563,67908.554688,69940.726563,69940.726563,1287053
2023-01-04,70194.750000,70194.750000,69263.335938,70110.078125,70110.078125,1150175
2023-01-05,70110.078125,71126.164063,69856.054688,71126.164063,71126.164063,1273826
2023-01-06,71126.164063,71803.554688,71041.492188,71126.164063,71126.164063,1489831
2023-01-09,72650.296875,73581.710938,71803.554688,73581.710938,73581.710938,1968845
2023-01-10,72988.992188,76121.929688,72988.992188,73920.406250,73920.406250,2596428
2023-01-11,73920.406250,73920.406250,72057.578125,72057.578125,72057.578125,1550653
2023-01-12,72142.250000,72142.250000,70956.812500,71803.554688,71803.554688,2320665
2023-01-13,72142.250000,73243.015625,72142.250000,72650.296875,72650.296875,970782
2023-01-16,72819.640625,74936.492188,72819.640625,73920.406250,73920.406250,1221154
2023-01-17,74936.492188,75698.562500,73920.406250,75698.562500,75698.562500,761272
2023-01-18,76206.601563,77053.343750,75698.562500,76206.601563,76206.601563,1044004
2023-01-19,75783.234375,81287.046875,74089.757813,78746.828125,78746.828125,2098400
2023-01-20,null,null,null,null,null,null
2023-01-23,null,null,null,null,null,null
2023-01-24,null,null,null,null,null,null
2023-01-25,null,null,null,null,null,null
2023-01-26,null,null,null,null,null,null
2023-01-27,78746.828125,80101.609375,77476.710938,78746.828125,78746.828125,1872829
2023-01-30,77984.757813,78323.453125,76037.257813,76121.929688,76121.929688,1234145
2023-01-31,76121.929688,77815.414063,74343.773438,77815.414063,77815.414063,1811299
2023-02-01,77900.085938,78323.453125,75444.539063,75444.539063,75444.539063,1342088
2023-02-02,75021.171875,77900.085938,75021.171875,76714.648438,76714.648438,1217138
2023-02-03,76460.625000,78746.828125,75444.539063,78746.828125,78746.828125,1102345
2023-02-06,78408.125000,81541.070313,77476.710938,81287.046875,81287.046875,1688239
2023-02-07,80694.328125,80863.671875,77900.085938,77900.085938,77900.085938,1735125
2023-02-08,77984.757813,81456.390625,77984.757813,79762.914063,79762.914063,1122894
2023-02-09,79424.218750,80440.304688,78746.828125,78746.828125,78746.828125,992394
2023-02-10,80016.937500,80016.937500,78577.476563,80016.937500,80016.937500,842879
2023-02-13,80270.953125,80779.000000,77900.085938,79170.195313,79170.195313,1054278
2023-02-14,79170.195313,79170.195313,77222.695313,78323.453125,78323.453125,1391336
2023-02-15,78323.453125,79762.914063,77222.695313,78746.828125,78746.828125,1062073
2023-02-16,78746.828125,79593.562500,78069.429688,78238.781250,78238.781250,995110
2023-02-17,78746.828125,79000.843750,77900.085938,78746.828125,78746.828125,1121005
2023-02-20,78746.828125,80016.937500,78746.828125,79424.218750,79424.218750,1371141
2023-02-21,79762.914063,80355.632813,79593.562500,79762.914063,79762.914063,821385
2023-02-22,79762.914063,79847.585938,78323.453125,78746.828125,78746.828125,1265441
2023-02-23,78746.828125,79593.562500,77222.695313,79000.843750,79000.843750,1234971
2023-02-24,78746.828125,79593.562500,76206.601563,79170.195313,79170.195313,847249
2023-02-27,78746.828125,79170.195313,77646.062500,78577.476563,78577.476563,615301
2023-02-28,78831.500000,79339.539063,78408.125000,79170.195313,79170.195313,739069
2023-03-01,78154.109375,79085.523438,78069.429688,78746.828125,78746.828125,916101
2023-03-02,78746.828125,79424.218750,77730.734375,78916.171875,78916.171875,1162930
2023-03-03,77730.734375,78577.476563,76968.671875,76968.671875,76968.671875,1021092
2023-03-06,77053.343750,78069.429688,77053.343750,77053.343750,77053.343750,840753
2023-03-07,77476.710938,78323.453125,77138.015625,77815.414063,77815.414063,1243947
2023-03-08,77053.343750,78069.429688,76799.320313,78069.429688,78069.429688,1029713
2023-03-09,77900.085938,79085.523438,77646.062500,78746.828125,78746.828125,1320476
2023-03-10,78069.429688,78323.453125,77476.710938,77984.757813,77984.757813,913857
2023-03-13,77900.085938,77900.085938,76884.000000,77476.710938,77476.710938,896615
2023-03-14,77053.343750,77222.695313,76629.976563,77053.343750,77053.343750,1070812
2023-03-15,77561.390625,77900.085938,77138.015625,77392.039063,77392.039063,1004794
2023-03-16,77053.343750,77900.085938,75783.234375,77053.343750,77053.343750,951886
2023-03-17,77053.343750,77138.015625,75359.867188,75359.867188,75359.867188,2683468
2023-03-20,75359.867188,75783.234375,72057.578125,72057.578125,72057.578125,1271937
2023-03-21,72311.601563,76121.929688,72311.601563,73243.015625,73243.015625,1385785
2023-03-22,73327.687500,76121.929688,73327.687500,75359.867188,75359.867188,1297682
2023-03-23,75190.515625,76799.320313,73920.406250,76799.320313,76799.320313,2297635
2023-03-24,77053.343750,77053.343750,75275.187500,75359.867188,75359.867188,794813
2023-03-27,75359.867188,77053.343750,74513.125000,77053.343750,77053.343750,975624
2023-03-28,76884.000000,78662.148438,76291.281250,77730.734375,77730.734375,1049672
2023-03-29,78323.453125,78323.453125,76629.976563,78154.109375,78154.109375,499326
2023-03-30,78154.109375,78916.171875,77900.085938,78492.804688,78492.804688,715331
2023-03-31,78577.476563,78916.171875,76629.976563,77392.039063,77392.039063,1220681
2023-04-03,77646.062500,78662.148438,77222.695313,78577.476563,78577.476563,959798
2023-04-04,78577.476563,78662.148438,77561.390625,77900.085938,77900.085938,369534
2023-04-05,78154.109375,78154.109375,77138.015625,77984.757813,77984.757813,510192
2023-04-06,77476.710938,77984.757813,77222.695313,77222.695313,77222.695313,495193
2023-04-07,77053.343750,77138.015625,75783.234375,76206.601563,76206.601563,995819
2023-04-10,76206.601563,76206.601563,75359.867188,75359.867188,75359.867188,805796
2023-04-11,75359.867188,76206.601563,74682.468750,74682.468750,74682.468750,977395
2023-04-12,74767.148438,75021.171875,74513.125000,74767.148438,74767.148438,686633
2023-04-13,74767.148438,74936.492188,74343.773438,74682.468750,74682.468750,669627
2023-04-14,74767.148438,75444.539063,74682.468750,74851.820313,74851.820313,564281
2023-04-17,74851.820313,74936.492188,74343.773438,74851.820313,74851.820313,667146
2023-04-18,74767.148438,75021.171875,74089.757813,74513.125000,74513.125000,895316
2023-04-19,74597.796875,75105.843750,74513.125000,74936.492188,74936.492188,582114
2023-04-20,75190.515625,75190.515625,74513.125000,74767.148438,74767.148438,304461
2023-04-21,74513.125000,74597.796875,74005.078125,74089.757813,74089.757813,1247726
2023-04-24,74513.125000,74936.492188,73666.382813,74428.453125,74428.453125,691121
2023-04-25,74682.468750,74936.492188,74089.757813,74767.148438,74767.148438,668209
2023-04-26,74513.125000,75783.234375,74428.453125,75698.562500,75698.562500,4778295
2023-04-27,75105.843750,76629.976563,74851.820313,76206.601563,76206.601563,851855
2023-04-28,76206.601563,76629.976563,75190.515625,76629.976563,76629.976563,874766
2023-05-01,null,null,null,null,null,null
2023-05-02,null,null,null,null,null,null
2023-05-03,null,null,null,null,null,null
2023-05-04,76206.601563,76206.601563,74936.492188,74936.492188,74936.492188,660179
2023-05-05,74936.492188,76121.929688,74682.468750,76037.257813,76037.257813,709190
2023-05-08,76206.601563,78916.171875,76037.257813,78746.828125,78746.828125,1846139
2023-05-09,78746.828125,79508.890625,78154.109375,78154.109375,78154.109375,1203911
2023-05-10,77815.414063,78746.828125,77561.390625,77900.085938,77900.085938,968892
2023-05-11,77900.085938,77984.757813,77053.343750,77053.343750,77053.343750,804969
2023-05-12,77053.343750,78577.476563,76884.000000,78577.476563,78577.476563,1055223
2023-05-15,77900.085938,78746.828125,77222.695313,77646.062500,77646.062500,801782
2023-05-16,77900.085938,78831.500000,77307.367188,78408.125000,78408.125000,1064789
2023-05-17,78323.453125,78746.828125,78154.109375,78577.476563,78577.476563,942319
2023-05-18,78662.148438,81287.046875,78069.429688,80440.304688,80440.304688,2237758
2023-05-19,80016.937500,80355.632813,78408.125000,79762.914063,79762.914063,720291
2023-05-22,78746.828125,79508.890625,78069.429688,78831.500000,78831.500000,785719
2023-05-23,78746.828125,79254.867188,77984.757813,78577.476563,78577.476563,671752
2023-05-24,78577.476563,78577.476563,77815.414063,78408.125000,78408.125000,454921
2023-05-25,78408.125000,79593.562500,77392.039063,78916.171875,78916.171875,740014
2023-05-26,78916.171875,79170.195313,77900.085938,77900.085938,77900.085938,1212532
2023-05-29,77900.085938,80440.304688,77900.085938,78831.500000,78831.500000,744620
2023-05-30,78831.500000,80270.953125,78238.781250,80016.937500,80016.937500,1544157
2023-05-31,79508.890625,79678.242188,78831.500000,79593.562500,79593.562500,496138
2023-06-01,80101.609375,80101.609375,78916.171875,79508.890625,79508.890625,840045
2023-06-02,79508.890625,80440.304688,79000.843750,80355.632813,80355.632813,1721661
2023-06-05,80609.656250,83573.242188,80609.656250,82980.523438,82980.523438,1609467
2023-06-06,82980.523438,83827.265625,81710.414063,83827.265625,83827.265625,920589
2023-06-07,83827.265625,83827.265625,82133.781250,82133.781250,82133.781250,938422
2023-06-08,82133.781250,86113.460938,82133.781250,84674.007813,84674.007813,1605451
2023-06-09,84674.007813,86367.484375,83827.265625,85097.375000,85097.375000,1264969
2023-06-12,84589.328125,85944.117188,83065.195313,85520.742188,85520.742188,537473
2023-06-13,84674.007813,87214.226563,84419.984375,86790.851563,86790.851563,1102935
2023-06-14,86706.179688,88060.968750,85944.117188,86875.531250,86875.531250,1016250
2023-06-15,86790.851563,87806.945313,86028.789063,87637.593750,87637.593750,1248435
2023-06-16,88230.312500,90093.140625,87383.570313,88907.703125,88907.703125,1596475
2023-06-19,87722.265625,88145.640625,86113.460938,86113.460938,86113.460938,1434798
2023-06-20,85605.421875,85605.421875,84504.656250,84589.328125,84589.328125,2302370
2023-06-21,84419.984375,85097.375000,84419.984375,84674.007813,84674.007813,1467864
2023-06-22,86367.484375,86367.484375,84589.328125,85012.703125,85012.703125,1058766
2023-06-23,85012.703125,85012.703125,84250.632813,84589.328125,84589.328125,936769
2023-06-26,83911.937500,85436.070313,83911.937500,84674.007813,84674.007813,953303
2023-06-27,84674.007813,85520.742188,84419.984375,84674.007813,84674.007813,845477
2023-06-28,84674.007813,86536.835938,84504.656250,85605.421875,85605.421875,1056051
2023-06-29,86198.140625,87214.226563,85605.421875,86282.812500,86282.812500,1178165
2023-06-30,85605.421875,86198.140625,84674.007813,84674.007813,84674.007813,743557
2023-07-03,84674.007813,85351.398438,84504.656250,84674.007813,84674.007813,578808
2023-07-04,85266.726563,86282.812500,84589.328125,84674.007813,84674.007813,927911
2023-07-05,85520.742188,86790.851563,84928.023438,86367.484375,86367.484375,2968325
2023-07-06,86452.156250,86536.835938,85097.375000,85266.726563,85266.726563,2183669
2023-07-07,85097.375000,88907.703125,85012.703125,88907.703125,88907.703125,2449749
2023-07-10,88823.031250,88823.031250,86621.507813,86960.203125,86960.203125,2058601
2023-07-11,86198.140625,88907.703125,86198.140625,87214.226563,87214.226563,2943760
2023-07-12,86960.203125,88484.335938,86960.203125,88060.968750,88060.968750,1028414
2023-07-13,88907.703125,88907.703125,87806.945313,88823.031250,88823.031250,1987977
2023-07-14,88823.031250,88907.703125,88060.968750,88907.703125,88907.703125,1545574
2023-07-17,88907.703125,88907.703125,88230.312500,88738.359375,88738.359375,1525380
2023-07-18,88823.031250,88907.703125,88314.984375,88314.984375,88314.984375,975506
2023-07-19,88569.007813,90685.859375,88569.007813,90177.812500,90177.812500,3054302
2023-07-20,89331.078125,90093.140625,87722.265625,88907.703125,88907.703125,1038813
2023-07-21,88907.703125,88907.703125,88060.968750,88907.703125,88907.703125,2153467
2023-07-24,88992.382813,89246.398438,88484.335938,88569.007813,88569.007813,1079105
2023-07-25,null,null,null,null,null,null
2023-07-26,91900.000000,93400.000000,91900.000000,93400.000000,93400.000000,1737418
2023-07-27,null,null,null,null,null,null
2023-07-28,92700.000000,93000.000000,91800.000000,93000.000000,93000.000000,1207918
2023-07-31,null,null,null,null,null,null
2023-08-01,null,null,null,null,null,null
2023-08-02,null,null,null,null,null,null
2023-08-03,91500.000000,91500.000000,90500.000000,90600.000000,90600.000000,970917
2023-08-04,90700.000000,91100.000000,90100.000000,90100.000000,90100.000000,1231617
2023-08-07,90100.000000,90800.000000,90000.000000,90800.000000,90800.000000,1244726
2023-08-08,90800.000000,91200.000000,90100.000000,90700.000000,90700.000000,823421
2023-08-09,90700.000000,90900.000000,90100.000000,90200.000000,90200.000000,703631
2023-08-10,90500.000000,90500.000000,88500.000000,88500.000000,88500.000000,1427128
2023-08-11,88500.000000,90400.000000,88500.000000,90400.000000,90400.000000,940830
2023-08-14,90300.000000,90300.000000,89000.000000,89000.000000,89000.000000,1584830
2023-08-15,90000.000000,90000.000000,88500.000000,88900.000000,88900.000000,1168516
2023-08-16,88800.000000,89400.000000,88700.000000,89200.000000,89200.000000,840335
2023-08-17,89200.000000,89800.000000,88600.000000,89400.000000,89400.000000,2165117
2023-08-18,89800.000000,90300.000000,89000.000000,89500.000000,89500.000000,2543404
2023-08-21,89700.000000,90200.000000,89200.000000,89800.000000,89800.000000,1730933
2023-08-22,89500.000000,89700.000000,87800.000000,88400.000000,88400.000000,1938024
2023-08-23,88900.000000,88900.000000,86100.000000,86300.000000,86300.000000,1774811
2023-08-24,86300.000000,88200.000000,86000.000000,87000.000000,87000.000000,973803
2023-08-25,86200.000000,87000.000000,86000.000000,86200.000000,86200.000000,1466600
2023-08-28,86400.000000,87500.000000,86200.000000,87000.000000,87000.000000,1448900
2023-08-29,87000.000000,88500.000000,86900.000000,88400.000000,88400.000000,1453903
2023-08-30,88500.000000,89500.000000,88500.000000,89100.000000,89100.000000,1401002
2023-08-31,89100.000000,89600.000000,88300.000000,89100.000000,89100.000000,2470000
2023-09-01,null,null,null,null,null,null
2023-09-04,null,null,null,null,null,null
2023-09-05,89100.000000,90700.000000,89100.000000,90100.000000,90100.000000,2013202
2023-09-06,90200.000000,90200.000000,89700.000000,90200.000000,90200.000000,2057603
2023-09-07,90000.000000,90800.000000,89500.000000,89500.000000,89500.000000,1958302
2023-09-08,89500.000000,89500.000000,89100.000000,89500.000000,89500.000000,1381905
2023-09-11,89600.000000,90000.000000,88000.000000,88500.000000,88500.000000,2592500
2023-09-12,89000.000000,90000.000000,88900.000000,89900.000000,89900.000000,1612100
2023-09-13,90000.000000,90000.000000,88900.000000,89100.000000,89100.000000,1675000
2023-09-14,89000.000000,89500.000000,88100.000000,89100.000000,89100.000000,1552600
2023-09-15,88900.000000,89800.000000,88600.000000,89800.000000,89800.000000,2235400
2023-09-18,89500.000000,89700.000000,88300.000000,88800.000000,88800.000000,789102
2023-09-19,88800.000000,89200.000000,86000.000000,88100.000000,88100.000000,1210203
2023-09-20,88100.000000,88400.000000,86400.000000,88000.000000,88000.000000,1057027
2023-09-21,88000.000000,88000.000000,86800.000000,87000.000000,87000.000000,1359910
2023-09-22,86400.000000,89500.000000,86000.000000,89300.000000,89300.000000,2679610
2023-09-25,89000.000000,89500.000000,88300.000000,89300.000000,89300.000000,2303421
2023-09-26,89200.000000,89400.000000,86900.000000,87000.000000,87000.000000,1663215
2023-09-27,87600.000000,89000.000000,87000.000000,87800.000000,87800.000000,1368902
2023-09-28,87200.000000,88300.000000,86600.000000,88000.000000,88000.000000,1065102
2023-09-29,88300.000000,88300.000000,87100.000000,87500.000000,87500.000000,613316
2023-10-02,87100.000000,87200.000000,86500.000000,86500.000000,86500.000000,765716
2023-10-03,86500.000000,86700.000000,85800.000000,86300.000000,86300.000000,1066600
2023-10-04,86300.000000,86300.000000,85300.000000,86300.000000,86300.000000,922800
2023-10-05,86000.000000,86000.000000,84500.000000,84500.000000,84500.000000,1014000
2023-10-06,84500.000000,85400.000000,83500.000000,85400.000000,85400.000000,800900
2023-10-09,85400.000000,85400.000000,84000.000000,84600.000000,84600.000000,1212100
2023-10-10,84600.000000,86200.000000,84600.000000,86100.000000,86100.000000,802101
2023-10-11,86200.000000,86500.000000,85700.000000,86500.000000,86500.000000,815401
2023-10-12,86900.000000,86900.000000,85500.000000,86000.000000,86000.000000,882100
2023-10-13,86000.000000,86600.000000,85500.000000,86600.000000,86600.000000,788100
2023-10-16,85600.000000,86600.000000,85600.000000,86100.000000,86100.000000,551300
2023-10-17,86100.000000,86500.000000,85500.000000,85900.000000,85900.000000,488400
2023-10-18,85500.000000,86000.000000,85000.000000,85900.000000,85900.000000,1266400
2023-10-19,85500.000000,86000.000000,84100.000000,84500.000000,84500.000000,1408600
2023-10-20,83500.000000,85300.000000,82700.000000,84800.000000,84800.000000,938400
2023-10-23,84500.000000,84500.000000,82500.000000,84500.000000,84500.000000,1130600
2023-10-24,84500.000000,86500.000000,83900.000000,86000.000000,86000.000000,994000
2023-10-25,85100.000000,85800.000000,84600.000000,85800.000000,85800.000000,924100
2023-10-26,85000.000000,86000.000000,83500.000000,84500.000000,84500.000000,1520300
2023-10-27,84600.000000,85000.000000,83800.000000,85000.000000,85000.000000,911400
2023-10-30,83500.000000,86000.000000,83500.000000,85900.000000,85900.000000,618900
2023-10-31,85900.000000,86900.000000,84900.000000,86800.000000,86800.000000,1438300
2023-11-01,86800.000000,87800.000000,86100.000000,87800.000000,87800.000000,1550100
2023-11-02,88000.000000,89000.000000,86600.000000,89000.000000,89000.000000,1114500
2023-11-03,89000.000000,89400.000000,88100.000000,88900.000000,88900.000000,1157600
2023-11-06,88900.000000,89800.000000,88500.000000,89500.000000,89500.000000,833800
2023-11-07,89000.000000,89300.000000,88300.000000,88300.000000,88300.000000,518900
2023-11-08,88000.000000,89700.000000,87900.000000,89500.000000,89500.000000,1329300
2023-11-09,89500.000000,89500.000000,87900.000000,87900.000000,87900.000000,2291800
2023-11-10,87100.000000,87500.000000,86000.000000,86000.000000,86000.000000,1411000
2023-11-13,86000.000000,86100.000000,85400.000000,85500.000000,85500.000000,3242786
2023-11-14,86000.000000,86500.000000,85400.000000,86000.000000,86000.000000,1086500
2023-11-15,86500.000000,87700.000000,86500.000000,87700.000000,87700.000000,4172800
2023-11-16,87000.000000,88000.000000,86700.000000,88000.000000,88000.000000,1343800
2023-11-17,87800.000000,87900.000000,85500.000000,85600.000000,85600.000000,1693000
2023-11-20,85600.000000,87000.000000,85000.000000,86100.000000,86100.000000,1157400
2023-11-21,86100.000000,86700.000000,85800.000000,86600.000000,86600.000000,1256400
2023-11-22,86300.000000,86700.000000,85500.000000,86700.000000,86700.000000,1071700
2023-11-23,86700.000000,86800.000000,85500.000000,85500.000000,85500.000000,752200
2023-11-24,85500.000000,86000.000000,85000.000000,86000.000000,86000.000000,793500
2023-11-27,86000.000000,86000.000000,85100.000000,85800.000000,85800.000000,548000
2023-11-28,85500.000000,85900.000000,84800.000000,85800.000000,85800.000000,926200
2023-11-29,85400.000000,85900.000000,85100.000000,85100.000000,85100.000000,838100
2023-11-30,85100.000000,85400.000000,84700.000000,84700.000000,84700.000000,986600
2023-12-01,84900.000000,85000.000000,84100.000000,85000.000000,85000.000000,788700
2023-12-04,85400.000000,86200.000000,84800.000000,86000.000000,86000.000000,978100
2023-12-05,86000.000000,86100.000000,84800.000000,85400.000000,85400.000000,2339861
2023-12-06,85300.000000,86000.000000,85000.000000,85900.000000,85900.000000,748000
2023-12-07,85700.000000,86000.000000,85000.000000,85200.000000,85200.000000,2403460
2023-12-08,85200.000000,85500.000000,85000.000000,85000.000000,85000.000000,1293000
2023-12-11,85000.000000,85300.000000,84100.000000,84200.000000,84200.000000,2768100
2023-12-12,84700.000000,84700.000000,84000.000000,84200.000000,84200.000000,1148400
2023-12-13,84200.000000,84500.000000,83700.000000,83700.000000,83700.000000,2541000
2023-12-14,null,null,null,null,null,null
2023-12-15,84000.000000,84400.000000,82200.000000,82200.000000,82200.000000,2648401
2023-12-18,82800.000000,82900.000000,81500.000000,81500.000000,81500.000000,2004600
2023-12-19,81500.000000,81500.000000,80100.000000,81200.000000,81200.000000,2079400
2023-12-20,81200.000000,81300.000000,80500.000000,81100.000000,81100.000000,2014300
2023-12-21,81000.000000,81000.000000,80300.000000,80900.000000,80900.000000,2148400
2023-12-22,80900.000000,81100.000000,80400.000000,80900.000000,80900.000000,1721800
2023-12-25,80900.000000,81800.000000,80700.000000,81800.000000,81800.000000,1480000
2023-12-26,82000.000000,82800.000000,82000.000000,82800.000000,82800.000000,1113200
2023-12-27,82900.000000,83200.000000,82500.000000,82700.000000,82700.000000,1017700
2023-12-28,82700.000000,83100.000000,82400.000000,82800.000000,82800.000000,997500
2023-12-29,83500.000000,83900.000000,80300.000000,80300.000000,80300.000000,1894326
2024-01-01,null,null,null,null,null,null
2024-01-02,82900.000000,83600.000000,82200.000000,83500.000000,83500.000000,1897801
2024-01-03,83500.000000,84500.000000,82800.000000,84500.000000,84500.000000,1521100
2024-01-04,84500.000000,86200.000000,84000.000000,85900.000000,85900.000000,2734900
2024-01-05,85900.000000,86200.000000,85700.000000,86200.000000,86200.000000,1328400
2024-01-08,86300.000000,86800.000000,86300.000000,86800.000000,86800.000000,1652800
2024-01-09,86800.000000,87900.000000,86800.000000,87800.000000,87800.000000,2074500
2024-01-10,87800.000000,89500.000000,87200.000000,89500.000000,89500.000000,1840400
2024-01-11,89500.000000,90000.000000,88600.000000,89300.000000,89300.000000,1593100
2024-01-12,88100.000000,89500.000000,87400.000000,88700.000000,88700.000000,1954500
2024-01-15,89000.000000,90100.000000,88900.000000,90000.000000,90000.000000,2012200
2024-01-16,89000.000000,90100.000000,88900.000000,90000.000000,90000.000000,1433200
2024-01-17,89000.000000,91000.000000,89000.000000,90900.000000,90900.000000,1676200
2024-01-18,null,null,null,null,null,null
2024-01-19,91000.000000,93000.000000,90400.000000,92600.000000,92600.000000,1601800
2024-01-22,93500.000000,93500.000000,92000.000000,92000.000000,92000.000000,1112300